강좌명,차시명,링크,
지혜큐브를 찾아라,1차시 ,1차시. 지혜큐브를 찾아서 ep.1 – 크레용스쿨,https://crayonschool.co.kr/lessons/1%ec%b0%a8%ec%8b%9c-%ec%a7%80%ed%98%9c%ed%81%90%eb%b8%8c%eb%a5%bc-%ec%b0%be%ec%95%84%ec%84%9c-ep-1/
지혜큐브를 찾아라,3차시 ,3차시. 지혜큐브를 찾아서 ep.3 – 크레용스쿨,https://crayonschool.co.kr/lessons/3%ec%b0%a8%ec%8b%9c-%ec%a7%80%ed%98%9c%ed%81%90%eb%b8%8c%eb%a5%bc-%ec%b0%be%ec%95%84%ec%84%9c-ep-3/
지혜큐브를 찾아라,4차시 ,4차시. 지혜큐브를 찾아서 ep.4 – 크레용스쿨,https://crayonschool.co.kr/lessons/4%ec%b0%a8%ec%8b%9c-%ec%a7%80%ed%98%9c%ed%81%90%eb%b8%8c%eb%a5%bc-%ec%b0%be%ec%95%84%ec%84%9c-ep-4/
용기큐브를 찾아라,1차시 ,1차시. 용기큐브를 찾아서 ep.1 – 크레용스쿨,https://crayonschool.co.kr/lessons/1%ec%b0%a8%ec%8b%9c-%ec%9a%a9%ea%b8%b0%ed%81%90%eb%b8%8c%eb%a5%bc-%ec%b0%be%ec%95%84%ec%84%9c-ep-1/
용기큐브를 찾아라,2차시,2차시. 용기큐브를 찾아서 ep.2 – 크레용스쿨,https://crayonschool.co.kr/lessons/2%ec%b0%a8%ec%8b%9c-%ec%9a%a9%ea%b8%b0%ed%81%90%eb%b8%8c%eb%a5%bc-%ec%b0%be%ec%95%84%ec%84%9c-ep-2/
플라팜,가거기,"2차시. 가, 거, 기를 배워요 – 크레용스쿨",https://crayonschool.co.kr/lessons/2%ec%b0%a8%ec%8b%9c-%ea%b0%80-%ea%b1%b0-%ea%b8%b0%eb%a5%bc-%eb%b0%b0%ec%9b%8c%ec%9a%94/
플라팜,고구그,"3차시. 고, 구, 그를 배워요 – 크레용스쿨",https://crayonschool.co.kr/lessons/3%ec%b0%a8%ec%8b%9c-%ea%b3%a0-%ea%b5%ac-%ea%b7%b8%eb%a5%bc-%eb%b0%b0%ec%9b%8c%ec%9a%94/
플라팜,라러리,"14차시. 라, 러, 리를 배워요 – 크레용스쿨",https://crayonschool.co.kr/lessons/14%ec%b0%a8%ec%8b%9c-%eb%9d%bc-%eb%9f%ac-%eb%a6%ac%eb%a5%bc-%eb%b0%b0%ec%9b%8c%ec%9a%94/
플라팜,로루르,"15차시. 로, 루, 르를 배워요 – 크레용스쿨",https://crayonschool.co.kr/lessons/15%ec%b0%a8%ec%8b%9c-%eb%a1%9c-%eb%a3%a8-%eb%a5%b4%eb%a5%bc-%eb%b0%b0%ec%9b%8c%ec%9a%94/
플라팜,미니사자,16차시. 미니 사자를 만들어요 – 크레용스쿨,https://crayonschool.co.kr/lessons/16%ec%b0%a8%ec%8b%9c-%eb%af%b8%eb%8b%88-%ec%82%ac%ec%9e%90%eb%a5%bc-%eb%a7%8c%eb%93%a4%ec%96%b4%ec%9a%94/
플라팜,마머미,"18차시. 마, 머, 미를 배워요 – 크레용스쿨",https://crayonschool.co.kr/lessons/18%ec%b0%a8%ec%8b%9c-%eb%a7%88-%eb%a8%b8-%eb%af%b8%eb%a5%bc-%eb%b0%b0%ec%9b%8c%ec%9a%94/
플라팜,모무므,"19차시. 모, 무, 므를 배워요 – 크레용스쿨",https://crayonschool.co.kr/lessons/19%ec%b0%a8%ec%8b%9c-%eb%aa%a8-%eb%ac%b4-%eb%af%80%eb%a5%bc-%eb%b0%b0%ec%9b%8c%ec%9a%94/
팀보로봇,블록과 친해져요,1차시. 블록과 친해져요! – 크레용스쿨,https://crayonschool.co.kr/lessons/1%ec%b0%a8%ec%8b%9c-%eb%b8%94%eb%a1%9d%ea%b3%bc-%ec%b9%9c%ed%95%b4%ec%a0%b8%ec%9a%94/
팀보로봇,팽이,2차시. 팽이 – 크레용스쿨,https://crayonschool.co.kr/lessons/2%ec%b0%a8%ec%8b%9c-%ed%8c%bd%ec%9d%b4/
팀보로봇,강아지,3차시. 모션블록과 강아지 – 크레용스쿨,https://crayonschool.co.kr/lessons/3%ec%b0%a8%ec%8b%9c-%eb%aa%a8%ec%85%98%eb%b8%94%eb%a1%9d%ea%b3%bc-%ea%b0%95%ec%95%84%ec%a7%80/
팀보로봇,문어,6차시. 문어 – 크레용스쿨,https://crayonschool.co.kr/lessons/6%ec%b0%a8%ec%8b%9c-%eb%ac%b8%ec%96%b4/
팀보로봇,컬링,7차시. 컬링 – 크레용스쿨,https://crayonschool.co.kr/lessons/7%ec%b0%a8%ec%8b%9c-%ec%bb%ac%eb%a7%81/
폴리곤,꼬끼오씨네 벼농사를 도와주자,7차시. 꼬끼오씨네 벼농사를 도와주자! – 크레용스쿨,https://crayonschool.co.kr/lessons/7%ec%b0%a8%ec%8b%9c-%ea%bc%ac%eb%81%bc%ec%98%a4%ec%94%a8%eb%84%a4-%eb%b2%bc%eb%86%8d%ec%82%ac%eb%a5%bc-%eb%8f%84%ec%99%80%ec%a3%bc%ec%9e%90/
폴리곤,즐거운 바다낚시,8차시. 즐거운 바다 낚시! – 크레용스쿨,https://crayonschool.co.kr/lessons/8%ec%b0%a8%ec%8b%9c-%ec%a6%90%ea%b1%b0%ec%9a%b4-%eb%b0%94%eb%8b%a4-%eb%82%9a%ec%8b%9c/
폴리곤,동굴에서 루크씨를 찾아라,9차시. 동굴에서 루크씨를 찾아라! – 크레용스쿨,https://crayonschool.co.kr/lessons/9%ec%b0%a8%ec%8b%9c-%eb%8f%99%ea%b5%b4%ec%97%90%ec%84%9c-%eb%a3%a8%ed%81%ac%ec%94%a8%eb%a5%bc-%ec%b0%be%ec%95%84%eb%9d%bc/
테일봇,"📌눈, 귀, 코, 손, 입! 5가지 감각 찾기","6차시. 눈, 귀, 코, 손, 입! 5가지 감각 찾기 – 크레용스쿨",https://crayonschool.co.kr/lessons/6%ec%b0%a8%ec%8b%9c-%eb%88%88-%ea%b7%80-%ec%bd%94-%ec%86%90-%ec%9e%85-5%ea%b0%80%ec%a7%80-%ea%b0%90%ea%b0%81-%ec%b0%be%ea%b8%b0/
테일봇,📌테일봇! 너는 누구니?,1차시. 테일봇! 너는 누구니? – 크레용스쿨,https://crayonschool.co.kr/lessons/1%ec%b0%a8%ec%8b%9c-%ed%85%8c%ec%9d%bc%eb%b4%87-%eb%84%88%eb%8a%94-%eb%88%84%ea%b5%ac%eb%8b%88/
테일봇,📌개구리는 어떻게 자랄까?,8차시. 개구리는 어떻게 자랄까? – 크레용스쿨,https://crayonschool.co.kr/lessons/8%ec%b0%a8%ec%8b%9c-%ea%b0%9c%ea%b5%ac%eb%a6%ac%eb%8a%94-%ec%96%b4%eb%96%bb%ea%b2%8c-%ec%9e%90%eb%9e%84%ea%b9%8c/
테일봇,📌맛있는 모양간식을 찾아보자!,2차시. 맛있는 모양간식을 찾아보자! – 크레용스쿨,https://crayonschool.co.kr/lessons/2%ec%b0%a8%ec%8b%9c-%eb%a7%9b%ec%9e%88%eb%8a%94-%eb%aa%a8%ec%96%91%ea%b0%84%ec%8b%9d%ec%9d%84-%ec%b0%be%ec%95%84%eb%b3%b4%ec%9e%90/
테일봇,📌상한 과일을 피해서 맛있는 과일을 얻자!,3차시. 상한 과일을 피해서 맛있는 과일을 얻자! – 크레용스쿨,https://crayonschool.co.kr/lessons/3%ec%b0%a8%ec%8b%9c-%ec%83%81%ed%95%9c-%ea%b3%bc%ec%9d%bc%ec%9d%84-%ed%94%bc%ed%95%b4%ec%84%9c-%eb%a7%9b%ec%9e%88%eb%8a%94-%ea%b3%bc%ec%9d%bc%ec%9d%84-%ec%96%bb%ec%9e%90/
테일봇,📌과일의 수를 세보자!,4차시. 과일의 수를 세보자! – 크레용스쿨,https://crayonschool.co.kr/lessons/4%ec%b0%a8%ec%8b%9c-%ea%b3%bc%ec%9d%bc%ec%9d%98-%ec%88%98%eb%a5%bc-%ec%84%b8%eb%b3%b4%ec%9e%90/
테일봇,📌동물원에 가보자!,9차시. 동물원에 가보자! – 크레용스쿨,https://crayonschool.co.kr/lessons/9%ec%b0%a8%ec%8b%9c-%eb%8f%99%eb%ac%bc%ec%9b%90%ec%97%90-%ea%b0%80%eb%b3%b4%ec%9e%90/
테일봇,📌해바라기는 어떻게 자랄까?,5차시. 해바라기는 어떻게 자랄까? – 크레용스쿨,https://crayonschool.co.kr/lessons/5%ec%b0%a8%ec%8b%9c-%ed%95%b4%eb%b0%94%eb%9d%bc%ea%b8%b0%eb%8a%94-%ec%96%b4%eb%96%bb%ea%b2%8c-%ec%9e%90%eb%9e%84%ea%b9%8c/
3D입체퍼즐 큐블로와 신나는 파닉스 여행,📌드래곤의 생일파티 (ABCD),1차시. 드래곤의 생일파티 (ABCD) – 크레용스쿨,https://crayonschool.co.kr/lessons/1%ec%b0%a8%ec%8b%9c-%eb%93%9c%eb%9e%98%ea%b3%a4%ec%9d%98-%ec%83%9d%ec%9d%bc%ed%8c%8c%ed%8b%b0-abcd/
3D입체퍼즐 큐블로와 신나는 파닉스 여행,📌동물들이 춤을 춰요! (EFGH),2차시. 동물들이 춤을 춰요! (EFGH) – 크레용스쿨,https://crayonschool.co.kr/lessons/2%ec%b0%a8%ec%8b%9c-%eb%8f%99%eb%ac%bc%eb%93%a4%ec%9d%b4-%ec%b6%a4%ec%9d%84-%ec%b6%b0%ec%9a%94-efgh/
3D입체퍼즐 큐블로와 신나는 파닉스 여행,📌눈 떠보니 남극!? (IJKL),3차시. 눈 떠보니 남극!? (IJKL) – 크레용스쿨,https://crayonschool.co.kr/lessons/3%ec%b0%a8%ec%8b%9c-%eb%88%88-%eb%96%a0%eb%b3%b4%eb%8b%88-%eb%82%a8%ea%b7%b9-ijkl/
3D입체퍼즐 큐블로와 신나는 파닉스 여행,📌숲에서 길을 잃었어요. 도와주세요! (MNOP),4차시. 숲에서 길을 잃었어요. 도와주세요! (MNOP) – 크레용스쿨,https://crayonschool.co.kr/lessons/4%ec%b0%a8%ec%8b%9c-%ec%88%b2%ec%97%90%ec%84%9c-%ea%b8%b8%ec%9d%84-%ec%9e%83%ec%97%88%ec%96%b4%ec%9a%94-%eb%8f%84%ec%99%80%ec%a3%bc%ec%84%b8%ec%9a%94-mnop/
만들면서 배우는 세계문화 이야기,프랑스,"1차시. 프랑스, 에펠탑을 구하라! – 크레용스쿨",https://crayonschool.co.kr/lessons/1%ec%b0%a8%ec%8b%9c-%ed%94%84%eb%9e%91%ec%8a%a4-%ec%97%90%ed%8e%a0%ed%83%91%ec%9d%84-%ea%b5%ac%ed%95%98%eb%9d%bc/
만들면서 배우는 세계문화 이야기,호주,"2차시. 호주, 시드니 오페라를 구하라! – 크레용스쿨",https://crayonschool.co.kr/lessons/2%ec%b0%a8%ec%8b%9c-%ed%98%b8%ec%a3%bc-%ec%8b%9c%eb%93%9c%eb%8b%88-%ec%98%a4%ed%8e%98%eb%9d%bc%eb%a5%bc-%ea%b5%ac%ed%95%98%eb%9d%bc/
만들면서 배우는 세계문화 이야기,영국,"3차시. 영국, 빅벤을 구하라! – 크레용스쿨",https://crayonschool.co.kr/lessons/3%ec%b0%a8%ec%8b%9c-%ec%98%81%ea%b5%ad-%eb%b9%85%eb%b2%a4%ec%9d%84-%ea%b5%ac%ed%95%98%eb%9d%bc/
만들면서 배우는 세계문화 이야기,미국,"4차시. 미국, 자유의 여신상을 구하라! – 크레용스쿨",https://crayonschool.co.kr/lessons/4%ec%b0%a8%ec%8b%9c-%eb%af%b8%ea%b5%ad-%ec%9e%90%ec%9c%a0%ec%9d%98-%ec%97%ac%ec%8b%a0%ec%83%81%ec%9d%84-%ea%b5%ac%ed%95%98%eb%9d%bc/
메이큐,봄나들이를 가요,1차시. 봄 나들이를 가요! – 크레용스쿨,https://crayonschool.co.kr/lessons/1%ec%b0%a8%ec%8b%9c-%eb%b4%84-%eb%82%98%eb%93%a4%ec%9d%b4%eb%a5%bc-%ea%b0%80%ec%9a%94/
메이큐,맑은 날로 가자,2차시. 맑은 날로 가자! – 크레용스쿨,https://crayonschool.co.kr/lessons/2%ec%b0%a8%ec%8b%9c-%eb%a7%91%ec%9d%80-%eb%82%a0%eb%a1%9c-%ea%b0%80%ec%9e%90-4/
메이큐,새하얀 겨울날,3차시. 새하얀 겨울날 – 크레용스쿨,https://crayonschool.co.kr/lessons/3%ec%b0%a8%ec%8b%9c-%ec%83%88%ed%95%98%ec%96%80-%ea%b2%a8%ec%9a%b8%eb%82%a0/
메이큐,맛있는 바나나,4차시. 맛있는 바나나 – 크레용스쿨,https://crayonschool.co.kr/lessons/4%ec%b0%a8%ec%8b%9c-%eb%a7%9b%ec%9e%88%eb%8a%94-%eb%b0%94%eb%82%98%eb%82%98/
메이큐,숫자를 맞춰라!,5차시. 숫자를 맞춰라! – 크레용스쿨,https://crayonschool.co.kr/lessons/5%ec%b0%a8%ec%8b%9c-%ec%88%ab%ec%9e%90%eb%a5%bc-%eb%a7%9e%ec%b6%b0%eb%9d%bc/
메이큐,고양이와 그네,6차시. 고양이와 그네 – 크레용스쿨,https://crayonschool.co.kr/lessons/6%ec%b0%a8%ec%8b%9c-%ea%b3%a0%ec%96%91%ec%9d%b4%ec%99%80-%ea%b7%b8%eb%84%a4/
메이큐,말을따라하는 앵무새,7차시. 말을 따라하는 앵무새 – 크레용스쿨,https://crayonschool.co.kr/lessons/7%ec%b0%a8%ec%8b%9c-%eb%a7%90%ec%9d%84-%eb%94%b0%eb%9d%bc%ed%95%98%eb%8a%94-%ec%95%b5%eb%ac%b4%ec%83%88-2/
메이큐,아기고래를 찾아서,8차시. 아기 고래를 찾아서 – 크레용스쿨,https://crayonschool.co.kr/lessons/8%ec%b0%a8%ec%8b%9c-%ec%95%84%ea%b8%b0-%ea%b3%a0%eb%9e%98%eb%a5%bc-%ec%b0%be%ec%95%84%ec%84%9c/
메이큐,더운알파카를 구해줘,9차시. 더운 알파카를 구해줘 – 크레용스쿨,https://crayonschool.co.kr/lessons/9%ec%b0%a8%ec%8b%9c-%eb%8d%94%ec%9a%b4-%ec%95%8c%ed%8c%8c%ec%b9%b4%eb%a5%bc-%ea%b5%ac%ed%95%b4%ec%a4%98/
메이큐,신나는 술래잡기,10차시. 신나는 술래잡기 – 크레용스쿨,https://crayonschool.co.kr/lessons/10%ec%b0%a8%ec%8b%9c-%ec%8b%a0%eb%82%98%eb%8a%94-%ec%88%a0%eb%9e%98%ec%9e%a1%ea%b8%b0/
,,,
